03/sample1.html,アラート
03/sample2.html,処理順番
03/sample3.html,コメントアウト
03/template1.html,テンプレート その1
03/template2.html,テンプレート その2
04/sample1.html,c = a + b;
04/sample2.html,三角形の面積
05/sample1.html,遊の成績は低い
05/sample2.html,三角形の面積
05/sample3.html,様々な文字列の表示方法
05/sample4.html,改行
05/sample5.html,様々な特殊文字
06/sample1.html,遊のテストの点数
06/sample2.html,switch
07/sample1.html,先生の名前を1000回
07/sample2.html,ループ処理内での特殊な動作
08/sample1.html,クラス全員の名前を100回
08/sample1b.html,短く表記
08/sample1c.html,さらに短く表記
09/sample1.html,平均点
09/sample1b.html,短く表記
09/sample2.html,キーと値を出力
10/sample1.html,処理の順番
10/sample2.html,少し複雑な関数の実例
10/sample3.html,再帰関数
11/sample1.html,守の質問1
11/sample1b.html,守の質問2
12/sample1.html,数値、文字列型
12/sample2.html,boolean型
12/sample3.html,連想配列をオブジェクトとして扱う
12/sample4.html,プロパティを連想配列として扱う
12/sample5.html,配列の内部を探る
12/sample6.html,『document』の内部を探る
12/sample7.html,関数を変数として扱う
12/sample8.html,生徒クラス
12/sample8b.html,生徒クラス2
13/sample1.html,年月
13/sample2.html,経過時間
13/sample3.html,日付の文字列変換
14/sample1.html,単純なソート
14/sample2.html,連想配列を利用したソート
14/sample2b.html,書き換え1
14/sample2c.html,書き換え2
14/sample2d.html,短い版
14/sample3.html,通常配列版
14/sample4.html,偶数を前に、奇数を後ろにソート
14/sample5.html,オブジェクトの変数に無名関数を代入
14/sample6.html,ソートの引数に使う関数を名前付きで作成
15/sample1.html,感想文の置換
15/sample2.html,検索結果の再利用
15/sample3.html,説明中の置換処理まとめ
15/sample4.html,『無名関数』を利用した置換
15/sample5.html,正規表現オブジェクト
15/sample6.html,正規表現による文字列検索
16/sample1.html,外部JavaScript
16/out.js,外部JavaScript
16/sample2.html,noscript
16/sample3.html,外部JavaScriptの動的読み込み
16/out1.js,外部JavaScript 1
16/out2.js,外部JavaScript 2
17/sample1.html,オブジェクト内部の書き換え
17/sample2.html,オブジェクトのプロパティ一覧
17/sample3.html,画像の『src』を書き換え
17/pic/a.gif,画像a
17/pic/b.gif,画像b
17/sample4.html,タグ名でオブジェクトを取得
17/sample5.html,『location』の書き換え
17/sample6.html,要素内のHTMLやテキスト
17/sample7.html,要素の追加
17/sample8.html,フォームの操作
17/sample9.html,フォームの操作
18/sample1.html,『イベント』の例
18/sample2.html,『href』属性での実行
18/sample3.html,『イベント』の利用
18/sample4.html,『onSubmit』のキャンセル
18/sample5.html,イベントの追加
19/sample1.html,『タイマー』の例
19/sample1b.html,『タイマー』の例 関数版
19/sample1c.html,『タイマー』の例 arguments.callee
19/sample2.html,おほほほほ
20/sample1.html,どでかフォント、枠と背景
20/sample2.html,タグ、クラス、ID
20/sample3.html,文字ズーム アニメーション
20/sample4.html,JavaScriptでの『スタイル』の変更
21/sample1.html,『クッキー』の読み書き
21/sample2.html,『クッキー』の読み書き 2
21/sample3.html,escape / unescape
22/sample1.html,フェード イン/アウト
22/sample1b.html,フェード イン/アウト 非同期体験
22/sample2.html,『jQuery』使用時のHTMLの書き換え
22/sample2b.html,『jQuery』非使用時のHTMLの書き換え
22/sample3.html,『プラグイン』の利用
22/jquery.colblink.js,『プラグイン』のサンプル
22/sample4.html,操作対象
22/sample5.html,『メソッド チェーン』
23/sample1.html,『Ajax』によるデータの取得
23/data1.csv,データ1
23/data2.csv,データ2
23/sample2.html,『JSON』によるデータの取得
23/data.json,『JSON』データ
23/sample3.html,『JSONP』によるデータの取得
omake/index.html,おまけ本体
omake/out.css,スタイルシート
omake/pic/back.gif,背景画像
omake/pic/koma.gif,中央コマ表示
omake/dat_yuu.txt,説明文 遊
omake/dat_mamoru.txt,説明文 守
omake/dat_rei.txt,説明文 麗
omake/dat_hakaru.txt,説明文 先生
omake/pic/icon64_yuu01.gif,アイコン 遊
omake/pic/icon64_mamoru01.gif,アイコン 守
omake/pic/icon64_rei01.gif,アイコン 麗
omake/pic/icon64_hakaru01.gif,アイコン 先生
omake/pic/chara_yuu01.gif,画像 遊
omake/pic/chara_mamoru01.gif,画像 守
omake/pic/chara_rei01.gif,画像 麗
omake/pic/chara_hakaru01.gif,画像 先生